[2024-08-08 23:27:32|211536810|Under way using engine|0|true|8.5779|53.5367
[2024-08-08 23:27:32|211536810|Under way using engine|0|true|8.5779|53.5367
[2024-08-08 23:27:34|218709000|Under way using engine|0|true|8.5828|53.5382
[2024-08-08 23:27:34|218709000|Under way using engine|0|true|8.5828|53.5382
[2024-08-08 23:27:36|211540110|Under way using engine|0|false|8.5774|53.5365
[2024-08-08 23:27:36|211540110|Under way using engine|0|false|8.5774|53.5365
[2024-08-08 23:27:37|211536810|DBLI|50|Pilot Vessel1|15|4
[2024-08-08 23:27:37|211536810|DBLI|50|Pilot Vessel1|15|4
[2024-08-08 23:27:38|211386490|DBHN|90|Other Type - all ships of this type|11|5
[2024-08-08 23:27:38|211386490|DBHN|90|Other Type - all ships of this type|11|5
[2024-08-08 23:27:39|211595610|Under way using engine|0|true|8.5801|53.5366
[2024-08-08 23:27:39|211595610|Under way using engine|0|true|8.5801|53.5366
[2024-08-08 23:27:42|211599340|Under way using engine|0|true|8.5804|53.5364
[2024-08-08 23:27:42|211599340|Under way using engine|0|true|8.5804|53.5364
[2024-08-08 23:27:43|218709000|Under way using engine|0|true|8.5828|53.5382
[2024-08-08 23:27:43|218709000|Under way using engine|0|true|8.5828|53.5382
[2024-08-08 23:27:44|211253400|Not defined|0|false|8.5731|53.5454
[2024-08-08 23:27:44|211253400|Not defined|0|false|8.5731|53.5454
[2024-08-08 23:27:45|211540110|Under way using engine|0|false|8.5774|53.5365
[2024-08-08 23:27:45|211540110|Under way using engine|0|false|8.5774|53.5365
[2024-08-08 23:27:56|211233660|Not defined|0|false|8.5777|53.5366
[2024-08-08 23:27:56|211233660|Not defined|0|false|8.5777|53.5366
[2024-08-08 23:27:56|211290740|Under way using engine|0|false|8.5674|53.5459
[2024-08-08 23:27:56|211290740|Under way using engine|0|false|8.5674|53.5459
[2024-08-08 23:27:59|211595610|Under way using engine|0|false|8.5801|53.5365
[2024-08-08 23:27:59|211595610|Under way using engine|0|false|8.5801|53.5365
[2024-08-08 23:28:02|211536810|Under way using engine|0|true|8.5779|53.5366
[2024-08-08 23:28:02|211536810|Under way using engine|0|true|8.5779|53.5366
[2024-08-08 23:28:04|218709000|Under way using engine|0|true|8.5828|53.5382
[2024-08-08 23:28:04|218709000|Under way using engine|0|true|8.5828|53.5382
[2024-08-08 23:28:06|211233660|Not defined|0|false|8.5777|53.5366
[2024-08-08 23:28:06|211233660|Not defined|0|false|8.5777|53.5366
[2024-08-08 23:28:07|211112160|DEPR|60|Passenger - all ships of this type|9|30
[2024-08-08 23:28:07|211112160|DEPR|60|Passenger - all ships of this type|9|30
[2024-08-08 23:28:09|211595610|Under way using engine|0|false|8.5802|53.5365
[2024-08-08 23:28:09|211595610|Under way using engine|0|false|8.5802|53.5365
[2024-08-08 23:28:09|244305000|Under way using engine|0|true|8.5618|53.5523
[2024-08-08 23:28:09|244305000|Under way using engine|0|true|8.5618|53.5523
[2024-08-08 23:28:09|245586000|PIAC|52|Tug|13|16
[2024-08-08 23:28:09|245586000|PIAC|52|Tug|13|16
[2024-08-08 23:28:12|211536810|Under way using engine|0|true|8.5779|53.5366
[2024-08-08 23:28:12|211536810|Under way using engine|0|true|8.5779|53.5366
[2024-08-08 23:28:12|211599340|Under way using engine|0|true|8.5804|53.5364
[2024-08-08 23:28:12|211599340|Under way using engine|0|true|8.5804|53.5364
[2024-08-08 23:28:13|211718100|Moored|0|true|8.5765|53.5306
[2024-08-08 23:28:13|211718100|Moored|0|true|8.5765|53.5306
[2024-08-08 23:28:14|211718100|DK8884|79|Cargo - No additional information|56|15
[2024-08-08 23:28:14|211718100|DK8884|79|Cargo - No additional information|56|15
[2024-08-08 23:28:15|211630370|DHVE2|99|Other Type - no additional information|24|24
[2024-08-08 23:28:15|211630370|DHVE2|99|Other Type - no additional information|24|24
[2024-08-08 23:28:17|211233660|DBLF|50|Pilot Vessel1|16|13
[2024-08-08 23:28:17|211233660|DBLF|50|Pilot Vessel1|16|13
[2024-08-08 23:28:18|211595610|Under way using engine|0|false|8.5802|53.5364
[2024-08-08 23:28:18|211595610|Under way using engine|0|false|8.5802|53.5364
[2024-08-08 23:28:21|211599340|Under way using engine|0|true|8.5804|53.5364
[2024-08-08 23:28:21|211599340|Under way using engine|0|true|8.5804|53.5364
[2024-08-08 23:28:22|211536810|Under way using engine|0|true|8.5779|53.5366
[2024-08-08 23:28:22|211536810|Under way using engine|0|true|8.5779|53.5366
[2024-08-08 23:28:24|211253400|Not defined|0|false|8.5731|53.5454
[2024-08-08 23:28:24|211253400|Not defined|0|false|8.5731|53.5454
[2024-08-08 23:28:24|218709000|Under way using engine|0|true|8.5828|53.5382
[2024-08-08 23:28:24|218709000|Under way using engine|0|true|8.5828|53.5382
[2024-08-08 23:28:26|211233660|Not defined|0|false|8.5777|53.5367
[2024-08-08 23:28:26|211233660|Not defined|0|false|8.5777|53.5367
[2024-08-08 23:28:27|211595610|Under way using engine|0|false|8.5802|53.5365
[2024-08-08 23:28:27|211595610|Under way using engine|0|false|8.5802|53.5365
[2024-08-08 23:28:28|211228220|Under way using engine|0|true|8.578|53.525
[2024-08-08 23:28:28|211228220|Under way using engine|0|true|8.578|53.525
[2024-08-08 23:28:29|211523490|Under way using engine|0|true|8.5759|53.5172
[2024-08-08 23:28:29|211523490|Under way using engine|0|true|8.5759|53.5172
[2024-08-08 23:28:31|211599340|Under way using engine|0|true|8.5804|53.5364
[2024-08-08 23:28:31|211599340|Under way using engine|0|true|8.5804|53.5364
[2024-08-08 23:28:32|211555420|Restricted manoeuverability|0|true|8.5777|53.5183
[2024-08-08 23:28:32|211555420|Restricted manoeuverability|0|true|8.5777|53.5183
[2024-08-08 23:28:35|211290740|Under way using engine|0|false|8.5674|53.5459
[2024-08-08 23:28:35|211290740|Under way using engine|0|false|8.5674|53.5459
[2024-08-08 23:28:36|211540110|Under way using engine|0|false|8.5774|53.5365
[2024-08-08 23:28:36|211540110|Under way using engine|0|false|8.5774|53.5365
[2024-08-08 23:28:39|211595610|Under way using engine|0|false|8.5802|53.5365
[2024-08-08 23:28:39|211595610|Under way using engine|0|false|8.5802|53.5365
[2024-08-08 23:28:42|211555420|Restricted manoeuverability|0|true|8.5777|53.5183
[2024-08-08 23:28:42|211555420|Restricted manoeuverability|0|true|8.5777|53.5183
[2024-08-08 23:28:42|211599340|Under way using engine|0|true|8.5804|53.5364
[2024-08-08 23:28:42|211599340|Under way using engine|0|true|8.5804|53.5364
[2024-08-08 23:28:43|218709000|Under way using engine|0|true|8.5828|53.5382
[2024-08-08 23:28:43|218709000|Under way using engine|0|true|8.5828|53.5382
[2024-08-08 23:28:48|245586000|Under way using engine|0|true|8.5665|53.5468
[2024-08-08 23:28:48|245586000|Under way using engine|0|true|8.5665|53.5468
[2024-08-08 23:28:50|211816240|true|53.5339|360|511|49
[2024-08-08 23:28:50|211816240|true|53.5339|360|511|49
[2024-08-08 23:28:52|211172030|Moored|0|true|8.5769|53.534
[2024-08-08 23:28:52|211172030|Moored|0|true|8.5769|53.534
[2024-08-08 23:28:52|211599340|Under way using engine|0|true|8.5804|53.5364
[2024-08-08 23:28:52|211599340|Under way using engine|0|true|8.5804|53.5364
[2024-08-08 23:28:53|218709000|Under way using engine|0|true|8.5828|53.5382
[2024-08-08 23:28:53|218709000|Under way using engine|0|true|8.5828|53.5382
[2024-08-08 23:28:57|211228220|Under way using engine|0|true|8.578|53.525
[2024-08-08 23:28:57|211228220|Under way using engine|0|true|8.578|53.525
[2024-08-08 23:28:59|211595610|Under way using engine|0|true|8.5802|53.5365
[2024-08-08 23:28:59|211595610|Under way using engine|0|true|8.5802|53.5365
[2024-08-08 23:29:01|211599340|Under way using engine|0|true|8.5804|53.5364
[2024-08-08 23:29:01|211599340|Under way using engine|0|true|8.5804|53.5364
[2024-08-08 23:29:02|211536810|Under way using engine|0|true|8.5779|53.5367
[2024-08-08 23:29:02|211536810|Under way using engine|0|true|8.5779|53.5367
[2024-08-08 23:29:05|211253400|Not defined|0|false|8.5731|53.5454
[2024-08-08 23:29:05|211253400|Not defined|0|false|8.5731|53.5454
[2024-08-08 23:29:06|211233660|Not defined|0|false|8.5778|53.5366
[2024-08-08 23:29:06|211233660|Not defined|0|false|8.5778|53.5366
[2024-08-08 23:29:09|211228220|Under way using engine|0|true|8.578|53.525
[2024-08-08 23:29:09|211228220|Under way using engine|0|true|8.578|53.525
[2024-08-08 23:29:09|211523490|Under way using engine|0|true|8.5759|53.5173
[2024-08-08 23:29:09|211523490|Under way using engine|0|true|8.5759|53.5173
[2024-08-08 23:29:09|211595610|Under way using engine|0|true|8.5801|53.5365
[2024-08-08 23:29:09|211595610|Under way using engine|0|true|8.5801|53.5365
[2024-08-08 23:29:09|211630370|Moored|0|false|8.5742|53.5231
[2024-08-08 23:29:09|211630370|Moored|0|false|8.5742|53.5231
[2024-08-08 23:29:12|211599340|Under way using engine|0|true|8.5804|53.5364
[2024-08-08 23:29:12|211599340|Under way using engine|0|true|8.5804|53.5364
[2024-08-08 23:29:21|211599340|Under way using engine|0|true|8.5804|53.5364
[2024-08-08 23:29:21|211599340|Under way using engine|0|true|8.5804|53.5364
[2024-08-08 23:29:24|211253400|Not defined|0|false|8.5731|53.5454
[2024-08-08 23:29:24|211253400|Not defined|0|false|8.5731|53.5454
[2024-08-08 23:29:24|218709000|Under way using engine|0|true|8.5828|53.5382
[2024-08-08 23:29:24|218709000|Under way using engine|0|true|8.5828|53.5382
[2024-08-08 23:29:26|211225920|Moored|0|true|8.5814|53.5375
[2024-08-08 23:29:26|211225920|Moored|0|true|8.5814|53.5375
[2024-08-08 23:29:26|211233660|Not defined|0|false|8.5778|53.5366
[2024-08-08 23:29:26|211233660|Not defined|0|false|8.5778|53.5366
[2024-08-08 23:29:28|211595610|Under way using engine|0|true|8.5801|53.5365
[2024-08-08 23:29:28|211595610|Under way using engine|0|true|8.5801|53.5365
[2024-08-08 23:29:30|245586000|Under way using engine|0|true|8.5665|53.5468
[2024-08-08 23:29:30|245586000|Under way using engine|0|true|8.5665|53.5468
[2024-08-08 23:29:31|211599340|Under way using engine|0|true|8.5804|53.5364
[2024-08-08 23:29:31|211599340|Under way using engine|0|true|8.5804|53.5364
[2024-08-08 23:29:32|211225920|DBLO|0|Not available|0|0
[2024-08-08 23:29:32|211225920|DBLO|0|Not available|0|0
[2024-08-08 23:29:34|218709000|Under way using engine|0|true|8.5828|53.5382
[2024-08-08 23:29:34|218709000|Under way using engine|0|true|8.5828|53.5382
[2024-08-08 23:29:36|211540110|Under way using engine|0|false|8.5774|53.5365
[2024-08-08 23:29:36|211540110|Under way using engine|0|false|8.5774|53.5365
[2024-08-08 23:29:39|211595610|Under way using engine|0|true|8.5801|53.5365
[2024-08-08 23:29:39|211595610|Under way using engine|0|true|8.5801|53.5365
[2024-08-08 23:29:42|211536810|Under way using engine|0|true|8.5779|53.5366
[2024-08-08 23:29:42|211536810|Under way using engine|0|true|8.5779|53.5366
[2024-08-08 23:29:42|211599340|Under way using engine|0|true|8.5804|53.5364
[2024-08-08 23:29:42|211599340|Under way using engine|0|true|8.5804|53.5364
[2024-08-08 23:29:47|211595610|DC4782|60|Passenger - all ships of this type|30|30
[2024-08-08 23:29:47|211595610|DC4782|60|Passenger - all ships of this type|30|30
[2024-08-08 23:29:49|211411980|Moored|0|true|8.5823|53.5379
[2024-08-08 23:29:49|211411980|Moored|0|true|8.5823|53.5379
[2024-08-08 23:29:52|211536810|Under way using engine|0|true|8.5779|53.5366
[2024-08-08 23:29:52|211536810|Under way using engine|0|true|8.5779|53.5366
[2024-08-08 23:29:52|211599340|Under way using engine|0|true|8.5804|53.5364
[2024-08-08 23:29:52|211599340|Under way using engine|0|true|8.5804|53.5364
[2024-08-08 23:29:52|255801580|CQQG|79|Cargo - No additional information|100|28
[2024-08-08 23:29:52|255801580|CQQG|79|Cargo - No additional information|100|28
[2024-08-08 23:29:56|211233660|Not defined|0|false|8.5779|53.5366
[2024-08-08 23:29:56|211233660|Not defined|0|false|8.5779|53.5366
[2024-08-08 23:30:02|211536810|Under way using engine|0|true|8.5779|53.5367
[2024-08-08 23:30:02|211536810|Under way using engine|0|true|8.5779|53.5367
[2024-08-08 23:30:02|211555420|Restricted manoeuverability|0|true|8.5777|53.5183
[2024-08-08 23:30:02|211555420|Restricted manoeuverability|0|true|8.5777|53.5183
[2024-08-08 23:30:03|218709000|Under way using engine|0|true|8.5828|53.5382
[2024-08-08 23:30:03|218709000|Under way using engine|0|true|8.5828|53.5382
[2024-08-08 23:30:05|211253400|Not defined|0|false|8.5731|53.5454
[2024-08-08 23:30:05|211253400|Not defined|0|false|8.5731|53.5454
[2024-08-08 23:30:05|211540110|Under way using engine|0|false|8.5774|53.5365
[2024-08-08 23:30:05|211540110|Under way using engine|0|false|8.5774|53.5365
[2024-08-08 23:30:09|211595610|Under way using engine|0|true|8.5802|53.5365
[2024-08-08 23:30:09|211595610|Under way using engine|0|true|8.5802|53.5365
[2024-08-08 23:30:13|211172030|DF4369|55|Law Enforcement|11|5
[2024-08-08 23:30:13|211172030|DF4369|55|Law Enforcement|11|5
[2024-08-08 23:30:15|211540110|Under way using engine|0|false|8.5774|53.5365
[2024-08-08 23:30:15|211540110|Under way using engine|0|false|8.5774|53.5365
[2024-08-08 23:30:17|211172020|DF4368|55|Law Enforcement|10|6
[2024-08-08 23:30:17|211172020|DF4368|55|Law Enforcement|10|6
[2024-08-08 23:30:19|211595610|Under way using engine|0|false|8.5802|53.5365
[2024-08-08 23:30:19|211595610|Under way using engine|0|false|8.5802|53.5365
[2024-08-08 23:30:21|211253400|DFDR|0|Not available|11|39
[2024-08-08 23:30:21|211253400|DFDR|0|Not available|11|39
[2024-08-08 23:30:22|211536810|Under way using engine|0|true|8.5779|53.5367
[2024-08-08 23:30:22|211536810|Under way using engine|0|true|8.5779|53.5367
[2024-08-08 23:30:22|211555420|Restricted manoeuverability|0|true|8.5777|53.5183
[2024-08-08 23:30:22|211555420|Restricted manoeuverability|0|true|8.5777|53.5183
[2024-08-08 23:30:24|211253400|Not defined|0|false|8.5731|53.5454
[2024-08-08 23:30:24|211253400|Not defined|0|false|8.5731|53.5454
[2024-08-08 23:30:24|218709000|Under way using engine|0|true|8.5828|53.5382
[2024-08-08 23:30:24|218709000|Under way using engine|0|true|8.5828|53.5382
[2024-08-08 23:30:25|211634880|Moored|0|false|8.5721|53.5451
[2024-08-08 23:30:25|211634880|Moored|0|false|8.5721|53.5451
[2024-08-08 23:30:26|211172020|Moored|0|true|8.577|53.5338
[2024-08-08 23:30:26|211172020|Moored|0|true|8.577|53.5338
[2024-08-08 23:30:28|211595610|Under way using engine|0|true|8.5802|53.5365
[2024-08-08 23:30:28|211595610|Under way using engine|0|true|8.5802|53.5365
[2024-08-08 23:30:29|211300110|false|53.5348|333.4|511|28
[2024-08-08 23:30:29|211300110|false|53.5348|333.4|511|28
[2024-08-08 23:30:29|211523490|Under way using engine|0|true|8.5759|53.5172
[2024-08-08 23:30:29|211523490|Under way using engine|0|true|8.5759|53.5172
[2024-08-08 23:30:29|245586000|Under way using engine|0|true|8.5665|53.5468
[2024-08-08 23:30:29|245586000|Under way using engine|0|true|8.5665|53.5468
[2024-08-08 23:30:30|211235180|DBAC|51|Search and Rescue vessel|11|12
[2024-08-08 23:30:30|211235180|DBAC|51|Search and Rescue vessel|11|12
[2024-08-08 23:30:31|211599340|Under way using engine|0|true|8.5804|53.5364
[2024-08-08 23:30:31|211599340|Under way using engine|0|true|8.5804|53.5364
[2024-08-08 23:30:31|219285000|Under way using engine|0|false|8.566|53.5473
[2024-08-08 23:30:31|219285000|Under way using engine|0|false|8.566|53.5473
[2024-08-08 23:30:33|211536810|Under way using engine|0|true|8.5779|53.5367
[2024-08-08 23:30:33|211536810|Under way using engine|0|true|8.5779|53.5367
[2024-08-08 23:30:34|218709000|Under way using engine|0|true|8.5828|53.5382
[2024-08-08 23:30:34|218709000|Under way using engine|0|true|8.5828|53.5382
[2024-08-08 23:30:37|211233660|Not defined|0|false|8.5778|53.5366
[2024-08-08 23:30:37|211233660|Not defined|0|false|8.5778|53.5366
[2024-08-08 23:30:39|211595610|Under way using engine|0|false|8.5802|53.5365
[2024-08-08 23:30:39|211595610|Under way using engine|0|false|8.5802|53.5365
[2024-08-08 23:30:43|218709000|Under way using engine|0|true|8.5828|53.5382
[2024-08-08 23:30:43|218709000|Under way using engine|0|true|8.5828|53.5382
[2024-08-08 23:30:44|211253400|Not defined|0|false|8.5731|53.5454
[2024-08-08 23:30:44|211253400|Not defined|0|false|8.5731|53.5454
[2024-08-08 23:30:46|211233660|Not defined|0|false|8.5778|53.5366
[2024-08-08 23:30:46|211233660|Not defined|0|false|8.5778|53.5366
[2024-08-08 23:30:46|211540110|Under way using engine|0|false|8.5774|53.5365
[2024-08-08 23:30:46|211540110|Under way using engine|0|false|8.5774|53.5365
[2024-08-08 23:30:48|245586000|Under way using engine|0|true|8.5665|53.5468
[2024-08-08 23:30:48|245586000|Under way using engine|0|true|8.5665|53.5468
[2024-08-08 23:30:49|211595610|Under way using engine|0|false|8.5803|53.5365
[2024-08-08 23:30:49|211595610|Under way using engine|0|false|8.5803|53.5365
[2024-08-08 23:30:52|211599340|Under way using engine|0|true|8.5804|53.5364
[2024-08-08 23:30:52|211599340|Under way using engine|0|true|8.5804|53.5364
[2024-08-08 23:30:53|218709000|Under way using engine|0|true|8.5828|53.5382
[2024-08-08 23:30:53|218709000|Under way using engine|0|true|8.5828|53.5382
[2024-08-08 23:30:58|211595610|Under way using engine|0|false|8.5803|53.5365
[2024-08-08 23:30:58|211595610|Under way using engine|0|false|8.5803|53.5365
[2024-08-08 23:31:01|211599340|Under way using engine|0|false|8.5804|53.5364
[2024-08-08 23:31:01|211599340|Under way using engine|0|false|8.5804|53.5364
[2024-08-08 23:31:03|218709000|Under way using engine|0|true|8.5828|53.5382
[2024-08-08 23:31:03|218709000|Under way using engine|0|true|8.5828|53.5382
[2024-08-08 23:31:05|211253400|Not defined|0|false|8.5731|53.5454
[2024-08-08 23:31:05|211253400|Not defined|0|false|8.5731|53.5454
[2024-08-08 23:31:05|211540110|Under way using engine|0|false|8.5774|53.5365
[2024-08-08 23:31:05|211540110|Under way using engine|0|false|8.5774|53.5365
[2024-08-08 23:31:07|211233660|Not defined|0|false|8.5778|53.5366
[2024-08-08 23:31:07|211233660|Not defined|0|false|8.5778|53.5366
[2024-08-08 23:31:11|210525000|5BCL6|70|Cargo - all ships of this type|75|13
[2024-08-08 23:31:11|210525000|5BCL6|70|Cargo - all ships of this type|75|13
[2024-08-08 23:31:12|211599340|Under way using engine|0|true|8.5804|53.5364
[2024-08-08 23:31:12|211599340|Under way using engine|0|true|8.5804|53.5364
[2024-08-08 23:31:14|218709000|Under way using engine|0|true|8.5828|53.5382
[2024-08-08 23:31:14|218709000|Under way using engine|0|true|8.5828|53.5382
[2024-08-08 23:31:15|211718100|Moored|0|true|8.5765|53.5306
[2024-08-08 23:31:15|211718100|Moored|0|true|8.5765|53.5306
[2024-08-08 23:31:19|211595610|Under way using engine|0|true|8.5802|53.5365
[2024-08-08 23:31:19|211595610|Under way using engine|0|true|8.5802|53.5365
[2024-08-08 23:31:21|211225940|DBMN|55|Law Enforcement|8|23
[2024-08-08 23:31:21|211225940|DBMN|55|Law Enforcement|8|23
[2024-08-08 23:31:21|211599340|Under way using engine|0|true|8.5804|53.5364
[2024-08-08 23:31:21|211599340|Under way using engine|0|true|8.5804|53.5364
[2024-08-08 23:31:24|211300110|A
[2024-08-08 23:31:24|211300110|A
[2024-08-08 23:31:24|211300110|B|Pleasure Craft|DD6026|null|AMC   B
[2024-08-08 23:31:24|211300110|B|Pleasure Craft|DD6026|null|AMC   B
[2024-08-08 23:31:24|218709000|Under way using engine|0|true|8.5828|53.5382
[2024-08-08 23:31:24|218709000|Under way using engine|0|true|8.5828|53.5382
[2024-08-08 23:31:26|211233660|Not defined|0|false|8.5777|53.5366
[2024-08-08 23:31:26|211233660|Not defined|0|false|8.5777|53.5366
[2024-08-08 23:31:27|211540110|Under way using engine|0|false|8.5774|53.5365
[2024-08-08 23:31:27|211540110|Under way using engine|0|false|8.5774|53.5365
[2024-08-08 23:31:28|211595610|Under way using engine|0|true|8.5802|53.5365
[2024-08-08 23:31:28|211595610|Under way using engine|0|true|8.5802|53.5365
[2024-08-08 23:31:31|211225940|Moored|0|false|8.58|53.5369
[2024-08-08 23:31:31|211225940|Moored|0|false|8.58|53.5369
[2024-08-08 23:31:31|211599340|DC4779|60|Passenger - all ships of this type|30|30
[2024-08-08 23:31:31|211599340|DC4779|60|Passenger - all ships of this type|30|30
[2024-08-08 23:31:31|211599340|Under way using engine|0|true|8.5804|53.5364
[2024-08-08 23:31:31|211599340|Under way using engine|0|true|8.5804|53.5364
[2024-08-08 23:31:33|211536810|Under way using engine|0|true|8.5779|53.5367
[2024-08-08 23:31:33|211536810|Under way using engine|0|true|8.5779|53.5367
[2024-08-08 23:31:33|314543000|At anchor|0|false|8.5643|53.5237
[2024-08-08 23:31:33|314543000|At anchor|0|false|8.5643|53.5237
[2024-08-08 23:31:34|218709000|Under way using engine|0|true|8.5828|53.5382
[2024-08-08 23:31:34|218709000|Under way using engine|0|true|8.5828|53.5382
[2024-08-08 23:31:37|211233660|Not defined|0|false|8.5777|53.5366
[2024-08-08 23:31:39|211595610|Under way using engine|0|true|8.5803|53.5365
[2024-08-08 23:31:42|211555420|Restricted manoeuverability|0|true|8.5777|53.5183
[2024-08-08 23:31:43|218709000|Under way using engine|0|true|8.5828|53.5382
[2024-08-08 23:31:46|211233660|Not defined|0|false|8.5777|53.5366
[2024-08-08 23:31:48|245586000|Under way using engine|0|true|8.5665|53.5468
[2024-08-08 23:31:51|210525000|Moored|0|false|8.576|53.5232
2024-08-08 23:32:13|211536810|Under way using engine|0|true|8.5779|53.5367
2024-08-08 23:32:14|211630370|Moored|0|false|8.5742|53.5231
2024-08-08 23:32:14|218709000|Under way using engine|0|true|8.5828|53.5382
2024-08-08 23:32:15|211253400|Not defined|0|false|8.5731|53.5454
2024-08-08 23:32:15|211540110|Under way using engine|0|false|8.5775|53.5365
2024-08-08 23:32:19|211595610|Under way using engine|0|false|8.5803|53.5365
2024-08-08 23:32:20|211816240|A
2024-08-08 23:32:21|211599340|Under way using engine|0|true|8.5804|53.5364
2024-08-08 23:32:26|211225920|Moored|0|true|8.5814|53.5374
2024-08-08 23:32:26|211233660|Not defined|0|false|8.5776|53.5367
2024-08-08 23:32:27|211540110|Under way using engine|0|false|8.5775|53.5365
2024-08-08 23:32:28|211595610|Under way using engine|0|true|8.5803|53.5365
2024-08-08 23:32:29|211706840|Moored|0|false|8.5769|53.5313
2024-08-08 23:32:30|245586000|Under way using engine|0|true|8.5665|53.5468
